AppName,Objective,includeEnergyConsumersFlag,includeSolarPVsFlag,includeBatteriesFlag,includeRegulatorsFlag,includePFlowFlag,includeQFlowFlag,includeVoltagesFlag
ScaledObj1,[1 0 0 0 0],1,1,1,1,1,1,1
ScaledObj2,[0 1 0 0 0],1,1,1,1,1,1,1
ScaledObj3,[0 0 1 0 0],1,1,1,1,1,1,1
ScaledObj12,[0.5 0.5 0 0 0],1,1,1,1,1,1,1
ScaledObj123,[0.33 0.33 0.33 0 0],1,1,1,1,1,1,1
ScaledObj13,[0.5 0 0.5 0 0],1,1,1,1,1,1,1
ScaledObj1a,[1 0 0 0 0],0,0,1,0,1,1,0
ScaledObj1b,[1 0 0 0 0],0,0,1,0,1,1,0
ScaledObj2a,[0 1 0 0 0],1,0,0,1,1,1,1
